"Gene","Sample1","Sample2","Sample3","Sample4","Sample5","Sample6"
"Gene1",157,18,28,1449,237,270
"Gene2",70,0,1,450,96,12
"Gene3",335,43,4,300,3,135
"Gene4",1,5,0,6,138,48
"Gene5",315,9,361,174,222,270
"Gene6",142,117,282,24,21,15
"Gene7",11,0,98,621,15,12
"Gene8",562,0,44,630,219,66
"Gene9",103,132,296,756,48,12
"Gene10",1,137,11,1149,21,3
"Gene11",8,12,361,51,84,195
"Gene12",13,38,0,213,51,462
"Gene13",11,109,4,81,342,3
"Gene14",11,1,666,30,243,279
"Gene15",108,8,155,30,1701,210
"Gene16",126,140,5,207,69,282
"Gene17",82,546,81,1380,321,240
"Gene18",120,87,3,600,270,15
"Gene19",189,81,115,357,0,12
"Gene20",162,60,198,162,66,834
"Gene21",20,67,18,183,120,141
"Gene22",174,3,1,51,186,102
"Gene23",209,100,4,210,39,12
"Gene24",5,35,0,111,222,498
"Gene25",176,66,13,75,231,1113
"Gene26",15,14,16,108,393,1131
"Gene27",7,130,68,243,3,63
"Gene28",5,299,0,6,15,60
"Gene29",47,95,87,438,3,252
"Gene30",6,214,0,558,0,0
"Gene31",307,144,210,6,9,72
"Gene32",157,55,208,2190,15,603
"Gene33",90,414,69,1332,111,15
"Gene34",236,4,1,0,15,93
"Gene35",18,146,31,165,3,48
"Gene36",29,85,74,0,624,282
"Gene37",68,11,83,867,393,90
"Gene38",24,29,113,258,123,978
"Gene39",24,3,114,21,99,714
"Gene40",0,11,0,99,501,39
"Gene41",12,7,7,186,1245,204
"Gene42",6,8,973,1173,687,9
"Gene43",0,181,7,90,513,3
"Gene44",8,157,185,15,597,981
"Gene45",79,42,0,258,36,69
"Gene46",66,1,51,801,81,27
"Gene47",28,409,85,291,297,30
"Gene48",53,111,16,165,1413,87
"Gene49",11,625,15,288,93,348
"Gene50",146,6,4,33,582,3
"Gene51",6,12,2,0,44,80
"Gene52",66,99,7,10,289,427
"Gene53",6,65,117,532,4,439
"Gene54",6,10,62,9,86,37
"Gene55",31,163,310,5,51,9
"Gene56",44,37,135,46,16,41
"Gene57",394,4,0,131,6,87
"Gene58",44,236,225,153,48,58
"Gene59",25,9,693,3,35,45
"Gene60",155,115,21,149,184,16
"Gene61",47,27,347,17,77,472
"Gene62",83,35,38,1,3,2
"Gene63",28,111,4,27,116,1
"Gene64",21,306,79,19,96,203
"Gene65",1,8,2,16,471,9
"Gene66",57,1,25,84,110,110
"Gene67",4,0,38,68,440,0
"Gene68",14,59,140,95,494,6
"Gene69",1,91,34,183,473,92
"Gene70",123,1,69,4,21,187
"Gene71",578,31,218,90,42,85
"Gene72",84,72,3,53,575,78
"Gene73",65,2,5,2,33,4
"Gene74",81,6,27,26,153,20
"Gene75",67,742,17,424,298,49
"Gene76",50,7,7,0,0,37
"Gene77",30,20,2,6,34,2
"Gene78",1,31,114,42,0,108
"Gene79",42,18,0,34,126,220
"Gene80",181,40,165,122,62,10
"Gene81",3,3,136,39,94,10
"Gene82",13,39,40,155,24,89
"Gene83",41,0,40,53,3,169
"Gene84",59,114,0,177,109,496
"Gene85",82,5,53,11,0,99
"Gene86",276,393,26,12,15,480
"Gene87",41,240,25,29,363,11
"Gene88",170,32,29,592,17,1
"Gene89",4,3,30,18,0,39
"Gene90",27,56,33,177,0,193
"Gene91",1,99,36,382,150,45
"Gene92",16,334,250,4,139,189
"Gene93",1,341,3,1120,246,105
"Gene94",92,0,206,66,1,141
"Gene95",41,313,62,128,1,60
"Gene96",115,1,179,7,57,143
"Gene97",17,1,774,25,6,129
"Gene98",25,30,3,123,46,97
"Gene99",78,1,2,28,49,0
"Gene100",797,516,229,3,4,105
"Gene101",0,0,221,6,329,74
"Gene102",13,27,343,239,143,225
"Gene103",851,0,189,0,15,87
"Gene104",32,26,38,111,202,291
"Gene105",19,49,801,176,18,88
"Gene106",163,16,87,306,17,3
"Gene107",43,4,176,78,86,23
"Gene108",9,17,58,0,143,158
"Gene109",134,0,89,57,265,667
"Gene110",33,9,11,14,8,35
"Gene111",5,22,161,670,95,79
"Gene112",128,37,80,55,28,21
"Gene113",75,480,291,78,41,44
"Gene114",242,26,2,45,33,23
"Gene115",11,6,0,109,132,23
"Gene116",14,259,149,110,100,458
"Gene117",51,248,129,0,0,97
"Gene118",4,18,2,42,45,28
"Gene119",64,255,130,63,6,34
"Gene120",4,1,91,277,25,224
"Gene121",109,49,16,61,123,104
"Gene122",76,181,141,2,109,110
"Gene123",133,294,138,17,414,20
"Gene124",269,0,154,253,257,203
"Gene125",31,70,27,42,7,16
"Gene126",106,0,38,95,172,51
"Gene127",36,4,1,68,0,7
"Gene128",34,133,73,101,131,0
"Gene129",2,0,87,21,181,56
"Gene130",32,145,9,31,18,63
"Gene131",7,12,52,0,55,38
"Gene132",7,15,282,69,43,3
"Gene133",69,19,7,91,13,5
"Gene134",164,0,17,11,69,21
"Gene135",43,43,217,643,16,27
"Gene136",22,223,357,149,40,2
"Gene137",232,137,17,248,523,96
"Gene138",96,11,2,9,7,177
"Gene139",6,25,0,52,52,570
"Gene140",76,24,92,51,31,226
"Gene141",9,34,23,4,46,77
"Gene142",67,1,143,0,158,303
"Gene143",11,40,50,30,26,158
"Gene144",47,303,99,11,121,62
"Gene145",184,118,463,2,12,0
"Gene146",4,0,25,5,0,145
"Gene147",185,833,169,84,0,12
"Gene148",24,1,45,313,2,197
"Gene149",49,58,124,0,55,6
"Gene150",225,30,5,1,1,561
"Gene151",0,5,168,119,273,126
"Gene152",128,624,566,38,15,5
"Gene153",4,0,85,31,66,42
"Gene154",20,96,629,36,8,5
"Gene155",46,480,371,0,43,4
"Gene156",2,20,497,17,21,121
"Gene157",0,0,7,40,13,87
"Gene158",30,0,19,12,4,7
"Gene159",15,0,22,148,20,211
"Gene160",639,119,467,10,26,45
"Gene161",3,5,54,14,91,54
"Gene162",61,167,2,77,3,73
"Gene163",0,23,101,65,0,54
"Gene164",129,2,10,30,163,6
"Gene165",1,4,0,45,86,10
"Gene166",25,0,115,174,773,307
"Gene167",134,101,16,58,70,94
"Gene168",204,140,154,0,198,26
"Gene169",7,13,1,1,4,20
"Gene170",0,28,24,397,209,58
"Gene171",44,138,37,376,60,22
"Gene172",253,11,188,45,35,0
"Gene173",4,708,351,80,8,3
"Gene174",4,310,115,221,285,173
"Gene175",2,2,39,56,5,34
"Gene176",89,2,33,338,4,33
"Gene177",81,95,2,368,6,3
"Gene178",5,14,408,0,224,0
"Gene179",25,396,37,54,34,100
"Gene180",0,40,0,7,140,30
"Gene181",6,38,8,321,63,50
"Gene182",78,91,33,12,450,26
"Gene183",41,62,19,21,3,129
"Gene184",128,0,26,0,5,264
"Gene185",172,62,10,79,28,5
"Gene186",89,110,223,619,61,32
"Gene187",1,95,72,20,52,719
"Gene188",244,32,56,9,21,272
"Gene189",21,25,47,29,226,570
"Gene190",5,134,75,46,49,10
"Gene191",542,247,23,99,39,2
"Gene192",0,38,135,0,241,116
"Gene193",338,38,66,111,41,0
"Gene194",91,2,50,22,48,87
"Gene195",1,223,190,54,8,7
"Gene196",1,33,387,43,46,14
"Gene197",336,914,27,84,301,47
"Gene198",193,1,304,43,1,38
"Gene199",38,6,0,3,70,0
"Gene200",178,52,136,72,19,275
"Gene201",0,136,88,1,174,60
"Gene202",20,5,49,119,0,5
"Gene203",352,15,92,25,148,43
"Gene204",23,112,49,100,48,438
"Gene205",54,168,49,0,5,51
"Gene206",197,14,13,809,5,0
"Gene207",57,144,21,546,25,87
"Gene208",39,0,71,6,273,46
"Gene209",0,13,21,275,128,27
"Gene210",45,8,23,7,7,206
"Gene211",24,0,11,489,165,2
"Gene212",1,33,24,160,8,173
"Gene213",81,83,67,126,51,40
"Gene214",0,211,186,0,7,66
"Gene215",249,40,13,25,26,191
"Gene216",22,1,30,80,48,94
"Gene217",111,468,59,25,52,5
"Gene218",21,68,64,93,0,20
"Gene219",12,99,482,16,0,38
"Gene220",177,92,196,59,191,13
"Gene221",47,0,267,411,473,161
"Gene222",272,147,202,20,35,0
"Gene223",14,425,426,86,47,24
"Gene224",134,230,36,7,20,13
"Gene225",32,50,107,62,2,159
"Gene226",0,142,48,113,931,18
"Gene227",105,24,3,10,113,7
"Gene228",181,74,2,86,29,126
"Gene229",138,31,25,1,7,51
"Gene230",56,59,102,25,26,23
"Gene231",139,283,8,46,120,149
"Gene232",4,93,58,226,10,69
"Gene233",73,293,8,98,14,168
"Gene234",15,271,21,365,242,78
"Gene235",68,261,291,3,6,220
"Gene236",5,0,6,152,50,28
"Gene237",15,231,11,98,171,11
"Gene238",99,62,67,38,27,212
"Gene239",1,1,294,348,3,22
"Gene240",1,58,178,60,9,185
"Gene241",20,0,2,0,9,404
"Gene242",671,1,169,116,43,6
"Gene243",8,0,334,4,26,560
"Gene244",1,912,30,16,26,54
"Gene245",50,0,26,395,36,0
"Gene246",110,83,10,12,300,256
"Gene247",4,67,164,100,1,82
"Gene248",43,76,389,0,37,80
"Gene249",4,46,14,63,0,253
"Gene250",196,0,415,124,19,93
"Gene251",257,66,348,148,319,10
"Gene252",188,169,3,3,148,51
"Gene253",491,257,4,392,31,24
"Gene254",38,6,76,25,292,13
"Gene255",142,0,220,8,1,12
"Gene256",0,10,130,8,16,262
"Gene257",64,49,12,159,226,44
"Gene258",22,21,24,160,290,23
"Gene259",18,17,0,221,52,423
"Gene260",9,40,46,10,49,573
"Gene261",1,5,202,38,6,269
"Gene262",9,29,504,2,126,10
"Gene263",44,31,451,43,38,0
"Gene264",39,3,220,27,146,74
"Gene265",21,219,70,19,8,15
"Gene266",0,35,74,72,97,32
"Gene267",295,18,365,43,45,200
"Gene268",67,0,203,2,12,79
"Gene269",90,388,98,137,45,90
"Gene270",26,20,4,3,49,326
"Gene271",10,79,43,206,64,208
"Gene272",368,3,2,29,46,374
"Gene273",202,4,7,85,449,109
"Gene274",140,10,537,37,192,212
"Gene275",150,205,149,159,15,11
"Gene276",2,1,128,48,150,120
"Gene277",5,9,282,364,131,0
"Gene278",50,48,67,221,398,172
"Gene279",103,73,181,18,3,3
"Gene280",189,149,0,166,69,153
"Gene281",67,46,0,28,45,35
"Gene282",73,91,20,197,719,303
"Gene283",7,16,132,140,11,37
"Gene284",59,112,188,77,2,65
"Gene285",445,269,89,63,0,10
"Gene286",3,20,100,1,0,391
"Gene287",109,127,110,14,393,507
"Gene288",39,507,293,23,321,2
"Gene289",14,59,37,505,50,297
"Gene290",0,228,3,24,11,195
"Gene291",46,20,31,46,9,176
"Gene292",0,8,78,192,10,164
"Gene293",0,0,186,3,6,6
"Gene294",6,0,8,224,16,18
"Gene295",30,1,18,14,59,442
"Gene296",3,51,19,7,156,22
"Gene297",37,452,129,92,19,94
"Gene298",2,98,0,149,112,97
"Gene299",249,2,43,59,0,42
"Gene300",8,126,1,85,115,3
"Gene301",60,10,16,132,19,15
"Gene302",3,90,14,51,4,26
"Gene303",44,386,1,13,191,488
"Gene304",58,247,14,581,7,35
"Gene305",27,7,66,74,120,69
"Gene306",118,37,46,14,170,1
"Gene307",67,15,64,55,437,107
"Gene308",334,156,32,24,67,58
"Gene309",81,48,8,526,4,1
"Gene310",0,3,6,3,10,2
"Gene311",5,22,49,0,1,37
"Gene312",26,0,58,102,162,39
"Gene313",19,89,90,80,245,893
"Gene314",42,0,118,24,0,1
"Gene315",7,60,0,72,9,30
"Gene316",359,101,81,23,539,8
"Gene317",51,377,19,5,31,29
"Gene318",7,28,61,128,110,9
"Gene319",0,22,110,281,324,25
"Gene320",188,139,0,24,1,28
"Gene321",98,283,374,77,138,31
"Gene322",0,35,316,239,2,257
"Gene323",2,40,18,67,741,30
"Gene324",104,102,27,27,440,27
"Gene325",126,91,151,414,47,71
"Gene326",19,15,5,14,77,26
"Gene327",119,71,66,94,19,267
"Gene328",78,505,32,14,54,0
"Gene329",180,37,13,315,20,122
"Gene330",291,0,144,65,250,15
"Gene331",274,68,12,23,86,5
"Gene332",19,398,17,0,22,1
"Gene333",0,174,0,3,33,8
"Gene334",1,29,24,6,41,7
"Gene335",0,83,223,34,22,8
"Gene336",16,57,29,244,209,0
"Gene337",3,200,2,54,17,132
"Gene338",327,62,12,89,7,14
"Gene339",2,128,13,127,12,111
"Gene340",16,160,143,3,25,258
"Gene341",310,224,147,1,59,137
"Gene342",81,2,3,29,53,152
"Gene343",8,100,27,35,85,94
"Gene344",0,4,87,4,39,120
"Gene345",31,24,130,28,13,50
"Gene346",581,73,57,44,9,60
"Gene347",19,101,30,46,10,15
"Gene348",39,12,4,0,7,35
"Gene349",12,472,97,24,6,91
"Gene350",11,0,15,55,7,34
"Gene351",221,54,25,146,275,5
"Gene352",19,45,3,30,105,288
"Gene353",229,46,292,38,18,82
"Gene354",16,8,79,94,399,87
"Gene355",774,127,31,31,0,45
"Gene356",106,2,28,21,73,7
"Gene357",5,403,382,237,1,8
"Gene358",0,33,13,177,934,149
"Gene359",437,62,1,1043,123,18
"Gene360",6,102,0,307,36,1274
"Gene361",27,215,1,20,74,40
"Gene362",0,6,174,64,116,6
"Gene363",20,194,108,139,31,188
"Gene364",348,35,141,19,194,1
"Gene365",22,40,61,52,82,262
"Gene366",126,220,9,16,16,113
"Gene367",7,2,20,123,267,149
"Gene368",102,32,46,81,237,1
"Gene369",24,133,21,5,5,33
"Gene370",59,183,2,92,76,18
"Gene371",115,42,76,0,55,90
"Gene372",153,15,178,99,15,16
"Gene373",153,7,2,40,49,58
"Gene374",97,5,0,235,26,138
"Gene375",150,279,1,61,51,120
"Gene376",37,159,5,9,5,132
"Gene377",0,3,59,0,665,22
"Gene378",188,32,11,4,7,50
"Gene379",260,121,4,0,38,205
"Gene380",94,125,58,9,16,526
"Gene381",282,50,163,200,6,122
"Gene382",68,2,1,101,336,45
"Gene383",21,67,284,13,82,214
"Gene384",7,1,84,54,80,1
"Gene385",9,161,261,0,12,147
"Gene386",160,197,166,0,4,77
"Gene387",120,103,3,0,44,0
"Gene388",74,36,253,69,342,524
"Gene389",14,134,188,190,7,66
"Gene390",124,191,8,184,3,14
"Gene391",14,184,146,203,15,57
"Gene392",18,299,14,32,8,1
"Gene393",128,64,15,128,159,12
"Gene394",6,21,2,450,364,38
"Gene395",125,41,140,35,194,5
"Gene396",286,23,288,117,77,57
"Gene397",304,25,0,95,81,50
"Gene398",111,0,5,0,123,382
"Gene399",9,109,109,335,32,21
"Gene400",91,6,1,109,35,136
"Gene401",154,9,100,8,149,540
"Gene402",3,45,58,37,53,0
"Gene403",616,1,62,94,3,3
"Gene404",91,16,32,235,4,2
"Gene405",18,0,28,87,9,3
"Gene406",9,162,61,55,84,0
"Gene407",208,5,243,38,41,0
"Gene408",10,106,159,202,19,274
"Gene409",193,0,21,517,44,425
"Gene410",306,3,12,1,168,45
"Gene411",15,50,45,28,56,0
"Gene412",165,22,0,15,121,1
"Gene413",73,88,6,0,50,61
"Gene414",9,2,11,32,42,19
"Gene415",38,119,1,0,254,38
"Gene416",273,0,0,233,77,306
"Gene417",51,37,36,77,149,144
"Gene418",108,0,16,117,360,208
"Gene419",6,52,54,921,230,42
"Gene420",246,43,2,21,442,175
"Gene421",6,98,209,262,300,21
"Gene422",91,59,1,38,325,109
"Gene423",17,13,33,459,127,18
"Gene424",2,251,123,37,32,16
"Gene425",29,149,0,16,6,88
"Gene426",441,2,449,55,6,11
"Gene427",210,54,76,3,116,0
"Gene428",107,63,455,73,2,212
"Gene429",1,163,35,42,66,0
"Gene430",56,343,40,310,52,44
"Gene431",17,0,21,38,25,4
"Gene432",200,2,132,184,13,1193
"Gene433",2,34,45,51,57,37
"Gene434",11,22,19,27,68,64
"Gene435",29,42,64,86,270,11
"Gene436",402,177,192,15,48,30
"Gene437",159,0,20,98,11,16
"Gene438",25,575,13,49,41,4
"Gene439",35,0,256,5,1,16
"Gene440",6,3,56,108,9,674
"Gene441",93,4,0,53,101,3
"Gene442",91,75,271,34,197,194
"Gene443",11,104,29,58,1,12
"Gene444",17,4,78,5,19,0
"Gene445",25,195,3,242,14,17
"Gene446",142,70,45,10,97,387
"Gene447",557,2,0,705,294,43
"Gene448",3,49,70,102,134,23
"Gene449",345,4,57,85,33,57
"Gene450",278,2,2,7,450,14
"Gene451",0,49,8,99,147,234
"Gene452",22,13,51,143,25,10
"Gene453",133,206,64,99,4,6
"Gene454",43,120,81,5,1,10
"Gene455",1,62,250,35,5,0
"Gene456",498,8,118,153,75,0
"Gene457",152,19,66,139,196,0
"Gene458",13,3,79,49,54,4
"Gene459",22,15,32,183,76,43
"Gene460",1,34,63,58,12,96
"Gene461",164,228,22,0,8,63
"Gene462",15,0,15,11,74,0
"Gene463",190,63,5,200,0,0
"Gene464",6,0,10,30,202,252
"Gene465",40,64,211,11,18,25
"Gene466",24,169,0,3,31,0
"Gene467",0,17,47,0,112,115
"Gene468",9,12,4,37,49,87
"Gene469",44,39,0,224,104,350
"Gene470",29,276,26,9,1,0
"Gene471",143,4,56,7,15,85
"Gene472",16,12,19,22,15,368
"Gene473",133,8,307,12,14,71
"Gene474",442,128,0,291,112,312
"Gene475",113,41,13,34,229,150
"Gene476",1,32,138,291,0,9
"Gene477",8,94,181,118,12,2
"Gene478",46,1,376,40,0,28
"Gene479",108,144,136,0,43,53
"Gene480",83,190,0,156,62,183
"Gene481",5,0,97,105,46,79
"Gene482",104,34,299,0,46,135
"Gene483",70,2,6,19,449,5
"Gene484",15,13,171,4,209,50
"Gene485",10,130,271,375,148,25
"Gene486",3,190,244,35,95,111
"Gene487",0,119,40,0,25,4
"Gene488",10,1,158,3,162,7
"Gene489",207,113,0,302,33,60
"Gene490",5,3,33,31,25,3
"Gene491",50,80,115,81,177,146
"Gene492",53,11,12,7,37,0
"Gene493",120,12,0,6,153,220
"Gene494",133,51,134,308,148,61
"Gene495",142,9,98,49,20,595
"Gene496",27,140,9,186,116,183
"Gene497",176,50,203,380,18,136
"Gene498",223,76,70,8,598,91
"Gene499",74,185,172,71,457,95
"Gene500",38,51,176,41,262,132
"Gene501",3,3,0,85,10,22
"Gene502",2,97,752,13,57,15
"Gene503",179,88,287,1,59,12
"Gene504",6,0,76,30,52,19
"Gene505",71,684,11,77,2,26
"Gene506",98,124,0,114,4,21
"Gene507",6,180,0,3,410,98
"Gene508",13,138,23,70,273,66
"Gene509",418,82,589,206,8,0
"Gene510",17,0,3,23,173,1
"Gene511",0,17,0,27,29,130
"Gene512",68,68,285,336,88,53
"Gene513",164,53,7,154,701,114
"Gene514",19,78,0,54,29,514
"Gene515",35,60,31,85,1,185
"Gene516",0,50,123,1,487,3
"Gene517",19,6,35,63,43,115
"Gene518",531,1,99,16,1,304
"Gene519",0,26,92,263,109,44
"Gene520",77,356,567,43,6,136
"Gene521",1,67,7,44,241,210
"Gene522",661,42,77,180,147,322
"Gene523",214,0,131,12,161,21
"Gene524",277,0,172,6,28,57
"Gene525",2,200,15,117,4,269
"Gene526",414,65,124,6,0,0
"Gene527",176,6,20,331,42,2
"Gene528",175,21,377,7,103,77
"Gene529",384,4,9,7,15,190
"Gene530",25,390,65,120,8,1
"Gene531",209,95,55,0,10,593
"Gene532",52,19,154,3,7,17
"Gene533",911,33,0,13,9,277
"Gene534",1,278,275,1,61,120
"Gene535",146,31,160,107,18,1
"Gene536",1,231,313,607,117,263
"Gene537",22,61,685,345,397,96
"Gene538",315,466,256,34,17,17
"Gene539",152,10,20,55,104,120
"Gene540",155,364,200,11,5,218
"Gene541",105,138,104,1,20,539
"Gene542",7,14,406,383,41,36
"Gene543",12,86,97,2,1,484
"Gene544",19,257,131,126,23,1
"Gene545",156,1,186,58,17,38
"Gene546",55,6,6,388,225,184
"Gene547",356,2,371,9,22,330
"Gene548",77,27,207,142,493,204
"Gene549",43,29,174,32,307,3
"Gene550",39,23,59,12,32,330
"Gene551",1,41,10,60,70,69
"Gene552",9,0,98,3,33,1
"Gene553",132,0,18,143,3,14
"Gene554",168,122,19,128,21,142
"Gene555",27,1,258,215,3,7
"Gene556",155,136,25,1,22,2
"Gene557",98,0,104,10,26,32
"Gene558",2,249,91,0,73,267
"Gene559",4,0,3,148,64,5
"Gene560",54,149,120,90,55,2
"Gene561",490,10,110,10,96,4
"Gene562",29,98,2,98,0,491
"Gene563",501,18,151,87,12,101
"Gene564",3,978,214,241,20,238
"Gene565",112,1,68,360,242,350
"Gene566",25,121,1195,95,1,213
"Gene567",43,8,133,242,152,305
"Gene568",21,76,14,20,0,18
"Gene569",49,9,21,25,108,55
"Gene570",37,0,207,232,1,25
"Gene571",34,91,34,34,60,3
"Gene572",235,93,8,41,0,47
"Gene573",49,6,2,181,36,155
"Gene574",261,144,84,0,0,53
"Gene575",8,307,48,11,2,316
"Gene576",449,309,12,55,12,9
"Gene577",11,353,43,2,9,35
"Gene578",65,0,6,1,161,93
"Gene579",3,135,745,543,136,3
"Gene580",126,592,71,2,46,94
"Gene581",72,27,9,150,98,0
"Gene582",72,0,58,97,28,16
"Gene583",199,111,8,4,170,15
"Gene584",357,60,4,113,3,0
"Gene585",268,201,270,2,310,29
"Gene586",10,87,53,34,62,21
"Gene587",17,95,3,152,122,173
"Gene588",1,126,99,49,0,86
"Gene589",27,1,303,16,126,26
"Gene590",7,91,69,3,151,147
"Gene591",278,11,9,65,0,23
"Gene592",477,191,3,161,51,62
"Gene593",12,160,12,30,214,24
"Gene594",594,227,42,147,148,138
"Gene595",9,0,413,96,79,25
"Gene596",581,355,91,252,111,4
"Gene597",4,1,120,76,41,736
"Gene598",129,66,146,464,195,355
"Gene599",291,633,0,265,171,130
"Gene600",16,7,98,66,0,9
"Gene601",405,694,33,114,2,104
"Gene602",5,24,392,20,181,56
"Gene603",14,2,3,310,2,4
"Gene604",739,16,15,260,92,9
"Gene605",535,5,106,62,130,0
"Gene606",13,2,0,2,0,12
"Gene607",115,259,292,66,57,8
"Gene608",246,145,523,283,8,144
"Gene609",11,69,47,945,130,11
"Gene610",6,9,13,2,6,4
"Gene611",8,11,3,0,142,6
"Gene612",1,584,292,46,1,32
"Gene613",18,0,60,18,1,19
"Gene614",67,43,4,314,6,154
"Gene615",631,14,677,4,81,7
"Gene616",6,607,176,125,119,2
"Gene617",24,93,185,12,5,1
"Gene618",0,0,13,1,0,76
"Gene619",132,27,104,495,4,371
"Gene620",3,37,477,168,33,7
"Gene621",29,26,35,0,442,121
"Gene622",3,16,173,0,63,10
"Gene623",7,22,194,10,206,44
"Gene624",16,23,1047,13,143,26
"Gene625",24,21,293,172,2,165
"Gene626",108,414,8,38,14,11
"Gene627",16,264,7,344,4,58
"Gene628",9,9,43,22,109,20
"Gene629",27,10,7,0,0,26
"Gene630",175,0,179,115,49,1
"Gene631",255,308,11,318,28,87
"Gene632",345,32,65,165,60,74
"Gene633",6,2,65,93,187,139
"Gene634",16,26,8,3,7,123
"Gene635",198,11,9,1,1,0
"Gene636",139,1,4,11,0,10
"Gene637",265,207,1,62,314,161
"Gene638",163,10,42,28,65,66
"Gene639",10,347,39,25,78,6
"Gene640",0,61,3,135,55,13
"Gene641",159,139,20,7,54,0
"Gene642",409,0,0,16,73,27
"Gene643",48,381,138,73,202,64
"Gene644",223,270,28,21,3,3
"Gene645",48,71,24,125,63,110
"Gene646",7,541,9,98,18,1
"Gene647",360,114,20,86,0,673
"Gene648",20,115,2,1,59,38
"Gene649",145,144,8,52,54,8
"Gene650",13,19,410,1,7,0
"Gene651",29,32,0,2,159,176
"Gene652",339,206,95,138,30,1
"Gene653",26,426,179,218,25,8
"Gene654",57,20,128,0,130,55
"Gene655",198,64,58,202,81,3
"Gene656",28,0,14,127,83,97
"Gene657",45,2,24,208,518,56
"Gene658",19,42,0,12,183,2
"Gene659",493,192,116,308,59,324
"Gene660",53,9,96,5,3,329
"Gene661",5,8,80,1,42,174
"Gene662",217,311,33,57,26,4
"Gene663",2,31,37,5,353,142
"Gene664",6,1,111,104,92,71
"Gene665",96,14,157,229,89,61
"Gene666",0,318,78,103,229,163
"Gene667",7,5,210,41,530,30
"Gene668",2,208,10,2,215,14
"Gene669",197,379,222,106,271,270
"Gene670",98,2,563,229,1,192
"Gene671",0,27,53,11,355,628
"Gene672",138,3,341,0,421,10
"Gene673",149,2,0,0,27,38
"Gene674",50,60,57,175,170,0
"Gene675",6,154,18,32,3,2
"Gene676",33,30,189,69,4,91
"Gene677",29,64,130,222,100,26
"Gene678",28,160,1,71,17,1
"Gene679",490,432,273,12,88,119
"Gene680",4,53,15,50,25,31
"Gene681",0,6,5,0,37,240
"Gene682",163,312,289,47,20,42
"Gene683",22,2,4,100,5,1
"Gene684",89,396,0,7,36,213
"Gene685",10,180,39,51,2,15
"Gene686",88,4,34,680,33,80
"Gene687",209,105,10,72,4,90
"Gene688",126,1,108,192,14,35
"Gene689",52,0,37,2,176,171
"Gene690",156,20,121,3,13,44
"Gene691",185,76,41,0,131,3
"Gene692",1,0,27,40,42,216
"Gene693",0,21,0,25,83,277
"Gene694",34,10,17,16,32,293
"Gene695",38,1,8,16,4,10
"Gene696",103,42,0,9,23,0
"Gene697",198,19,11,9,148,171
"Gene698",225,270,10,69,70,25
"Gene699",35,93,2,0,378,4
"Gene700",4,9,89,0,16,6
"Gene701",46,1,149,10,279,1
"Gene702",208,45,321,13,71,93
"Gene703",2,117,103,2,104,291
"Gene704",52,118,1,1,13,94
"Gene705",74,253,17,264,177,46
"Gene706",10,3,1,12,234,165
"Gene707",112,5,202,76,116,1
"Gene708",9,42,1,220,213,0
"Gene709",57,1,3,0,108,13
"Gene710",39,19,18,135,0,192
"Gene711",11,0,32,45,403,6
"Gene712",0,133,0,0,198,77
"Gene713",270,356,2,147,243,38
"Gene714",86,2,18,109,11,56
"Gene715",150,271,4,11,6,23
"Gene716",18,58,30,29,34,236
"Gene717",86,2,555,0,1,4
"Gene718",76,33,55,17,0,15
"Gene719",12,5,59,296,23,13
"Gene720",740,6,0,471,291,5
"Gene721",16,72,35,29,527,22
"Gene722",12,125,10,413,282,16
"Gene723",370,148,16,89,56,1
"Gene724",16,63,25,11,44,276
"Gene725",94,92,0,339,5,3
"Gene726",62,5,195,0,6,124
"Gene727",10,88,58,186,70,335
"Gene728",37,82,587,26,36,97
"Gene729",3,342,11,1,151,15
"Gene730",196,123,206,141,54,189
"Gene731",53,27,3,76,0,113
"Gene732",316,2,2,190,97,18
"Gene733",356,376,39,85,163,96
"Gene734",18,5,12,542,37,138
"Gene735",19,24,147,270,10,0
"Gene736",9,77,92,93,20,226
"Gene737",20,17,96,47,30,6
"Gene738",134,67,176,0,45,24
"Gene739",26,97,243,10,18,4
"Gene740",11,7,6,27,63,3
"Gene741",295,7,2,15,0,20
"Gene742",3,144,49,68,71,54
"Gene743",0,21,0,0,0,114
"Gene744",179,110,0,5,13,13
"Gene745",24,618,0,84,3,13
"Gene746",110,42,15,62,0,5
"Gene747",60,115,3,118,12,1
"Gene748",421,14,3,8,347,0
"Gene749",293,262,70,181,48,109
"Gene750",121,253,2,91,28,67
"Gene751",7,15,3,3,10,267
"Gene752",0,26,421,188,330,329
"Gene753",75,159,4,1,79,24
"Gene754",7,58,216,169,53,52
"Gene755",2,464,16,0,113,27
"Gene756",642,16,1,36,4,15
"Gene757",342,199,56,0,7,345
"Gene758",12,52,14,474,9,286
"Gene759",51,210,0,38,206,194
"Gene760",115,26,262,529,3,1
"Gene761",75,0,83,16,95,231
"Gene762",67,286,1,284,4,54
"Gene763",242,23,1,3,10,36
"Gene764",6,124,39,86,621,0
"Gene765",294,17,423,24,39,0
"Gene766",18,38,58,80,145,2
"Gene767",76,183,37,0,6,107
"Gene768",135,4,4,67,217,6
"Gene769",489,48,11,47,23,0
"Gene770",221,207,64,34,47,16
"Gene771",145,71,4,78,31,0
"Gene772",100,0,21,67,47,83
"Gene773",179,1,19,0,534,255
"Gene774",47,33,2,6,1,4
"Gene775",3,261,186,866,27,95
"Gene776",58,16,4,9,0,69
"Gene777",62,474,301,42,9,79
"Gene778",29,79,8,58,20,7
"Gene779",191,15,51,63,2,13
"Gene780",3,26,655,11,1,79
"Gene781",9,193,76,395,2,70
"Gene782",268,2,107,175,3,0
"Gene783",3,139,2,0,722,2
"Gene784",274,30,50,9,247,13
"Gene785",17,11,7,1,11,145
"Gene786",112,156,0,4,505,0
"Gene787",8,79,0,593,100,19
"Gene788",66,371,49,14,116,17
"Gene789",15,243,26,0,4,188
"Gene790",83,1,817,144,0,3
"Gene791",1,21,111,454,3,0
"Gene792",184,1,31,13,111,1
"Gene793",0,35,69,222,96,21
"Gene794",419,25,24,62,0,199
"Gene795",23,7,25,648,20,127
"Gene796",112,567,9,58,392,12
"Gene797",37,0,53,95,272,68
"Gene798",300,0,36,312,4,16
"Gene799",35,32,39,99,19,0
"Gene800",349,376,95,17,1,0
"Gene801",113,277,12,29,52,219
"Gene802",26,280,15,145,74,45
"Gene803",114,123,0,44,24,204
"Gene804",23,197,162,12,28,114
"Gene805",87,172,3,2,0,98
"Gene806",10,97,33,178,125,16
"Gene807",275,34,91,229,56,323
"Gene808",6,91,80,425,413,29
"Gene809",0,3,41,103,424,46
"Gene810",48,6,0,22,42,195
"Gene811",68,337,81,130,56,129
"Gene812",12,8,38,13,3,1
"Gene813",18,19,4,4,306,111
"Gene814",91,186,202,136,86,0
"Gene815",25,119,203,2,285,19
"Gene816",23,125,242,83,0,0
"Gene817",43,75,0,196,189,4
"Gene818",54,102,64,194,6,292
"Gene819",54,98,4,175,88,20
"Gene820",11,38,9,353,45,10
"Gene821",68,213,24,1,150,30
"Gene822",76,240,251,132,32,146
"Gene823",28,97,252,38,7,389
"Gene824",7,156,14,110,37,126
"Gene825",767,54,112,33,74,22
"Gene826",6,41,214,1,1,46
"Gene827",668,263,110,229,44,16
"Gene828",4,44,8,20,9,0
"Gene829",293,0,18,4,72,0
"Gene830",54,113,223,5,303,19
"Gene831",56,39,3,88,142,1
"Gene832",131,77,0,182,0,8
"Gene833",119,136,155,91,272,19
"Gene834",6,984,19,192,0,0
"Gene835",242,171,196,196,6,43
"Gene836",156,302,3,3,0,17
"Gene837",41,114,0,114,3,56
"Gene838",127,43,32,19,82,7
"Gene839",104,117,16,68,80,0
"Gene840",110,88,9,72,218,21
"Gene841",70,130,183,41,308,128
"Gene842",67,2,0,164,31,249
"Gene843",36,26,33,23,65,199
"Gene844",23,32,77,26,102,30
"Gene845",58,0,245,83,30,23
"Gene846",115,1,55,233,92,53
"Gene847",81,3,3,264,3,423
"Gene848",194,2,994,11,205,50
"Gene849",0,13,230,223,126,4
"Gene850",132,44,13,5,2,0
"Gene851",0,61,6,32,24,104
"Gene852",0,234,182,22,110,316
"Gene853",258,2,111,105,24,144
"Gene854",107,114,31,170,80,35
"Gene855",4,131,1,80,20,62
"Gene856",0,201,4,27,17,150
"Gene857",165,227,51,207,27,12
"Gene858",81,120,0,91,67,1
"Gene859",4,20,9,153,32,0
"Gene860",29,5,0,28,0,2
"Gene861",8,228,35,0,267,9
"Gene862",53,61,66,93,9,9
"Gene863",68,32,21,82,97,661
"Gene864",2,522,0,0,39,92
"Gene865",183,220,85,20,396,57
"Gene866",304,34,149,56,31,188
"Gene867",81,99,217,8,48,135
"Gene868",0,82,437,17,0,5
"Gene869",34,42,181,159,19,11
"Gene870",34,0,50,79,0,27
"Gene871",114,193,3,107,22,2
"Gene872",7,3,111,188,456,118
"Gene873",27,0,273,2,23,333
"Gene874",83,179,0,168,302,0
"Gene875",0,237,191,30,33,110
"Gene876",134,260,108,74,107,22
"Gene877",340,12,0,96,47,54
"Gene878",18,61,278,321,506,20
"Gene879",517,347,141,141,0,5
"Gene880",3,38,480,1,136,395
"Gene881",54,20,5,0,0,88
"Gene882",21,65,13,156,1,39
"Gene883",134,0,25,73,104,0
"Gene884",780,9,1,114,12,17
"Gene885",320,33,61,2,4,19
"Gene886",96,1,169,269,19,0
"Gene887",246,84,6,79,130,4
"Gene888",144,127,6,30,23,68
"Gene889",0,28,71,57,109,78
"Gene890",61,0,81,277,10,142
"Gene891",52,319,11,241,247,0
"Gene892",26,20,11,219,253,81
"Gene893",60,35,87,9,181,8
"Gene894",507,26,0,85,57,103
"Gene895",159,206,1,4,121,83
"Gene896",64,0,28,45,167,36
"Gene897",64,122,32,19,75,0
"Gene898",17,16,171,104,20,1
"Gene899",0,31,89,21,70,283
"Gene900",101,93,66,102,4,9
"Gene901",49,62,98,28,74,62
"Gene902",134,13,5,157,476,80
"Gene903",55,0,42,1,0,311
"Gene904",34,28,17,0,86,22
"Gene905",13,4,11,31,49,4
"Gene906",9,284,86,0,74,11
"Gene907",38,206,1,122,156,50
"Gene908",106,0,333,64,608,2
"Gene909",85,318,4,267,13,10
"Gene910",193,99,2,50,245,40
"Gene911",48,2,185,79,86,71
"Gene912",47,52,0,88,6,0
"Gene913",6,77,3,34,8,1
"Gene914",497,48,11,364,174,324
"Gene915",9,21,30,97,15,67
"Gene916",18,22,15,14,132,177
"Gene917",155,530,8,188,19,445
"Gene918",6,27,59,13,77,73
"Gene919",5,29,338,287,159,31
"Gene920",51,3,4,0,96,0
"Gene921",37,11,8,278,53,227
"Gene922",44,98,720,111,156,3
"Gene923",10,0,234,71,2,1
"Gene924",1,11,146,12,13,2
"Gene925",222,0,87,124,1,382
"Gene926",240,268,211,59,78,159
"Gene927",19,161,30,28,0,171
"Gene928",36,295,381,209,2,55
"Gene929",93,26,66,0,21,4
"Gene930",0,95,79,105,7,580
"Gene931",125,0,24,171,45,112
"Gene932",107,20,34,369,3,128
"Gene933",176,37,100,68,345,0
"Gene934",456,30,12,236,11,153
"Gene935",88,1,89,153,53,79
"Gene936",68,298,0,6,490,187
"Gene937",112,32,90,616,114,8
"Gene938",31,8,76,122,51,2
"Gene939",155,136,495,0,207,58
"Gene940",33,20,455,535,2,109
"Gene941",108,153,8,0,197,128
"Gene942",62,15,42,40,65,0
"Gene943",46,231,1,24,20,17
"Gene944",24,33,6,148,100,182
"Gene945",0,30,2,189,23,345
"Gene946",30,214,16,68,109,2
"Gene947",328,1020,25,2,7,39
"Gene948",20,252,8,0,312,15
"Gene949",45,43,10,101,0,218
"Gene950",152,104,139,90,19,93
"Gene951",1,5,26,214,22,81
"Gene952",0,19,0,156,310,198
"Gene953",13,34,14,1,297,9
"Gene954",31,25,266,121,334,70
"Gene955",0,55,3,30,22,45
"Gene956",39,22,2,24,18,78
"Gene957",0,0,13,0,68,132
"Gene958",110,7,202,49,119,5
"Gene959",27,5,234,20,47,184
"Gene960",0,91,232,13,155,32
"Gene961",172,350,22,74,297,7
"Gene962",88,0,119,360,44,7
"Gene963",1,50,164,48,39,7
"Gene964",126,9,574,385,0,22
"Gene965",0,24,29,159,105,312
"Gene966",0,165,85,5,655,55
"Gene967",737,44,218,0,14,1
"Gene968",274,20,31,33,75,225
"Gene969",49,57,117,36,8,265
"Gene970",264,9,63,37,187,0
"Gene971",0,161,389,34,48,0
"Gene972",94,80,14,57,40,718
"Gene973",82,30,86,10,20,50
"Gene974",43,20,58,55,8,4
"Gene975",9,73,93,86,112,208
"Gene976",9,80,1,4,150,12
"Gene977",18,0,146,79,154,12
"Gene978",4,5,7,397,4,53
"Gene979",250,1,29,147,140,26
"Gene980",0,12,6,505,16,93
"Gene981",4,128,101,158,88,90
"Gene982",5,25,76,0,1,43
"Gene983",86,58,75,96,61,0
"Gene984",12,0,331,9,1,25
"Gene985",12,191,1,111,26,20
"Gene986",31,6,77,6,33,14
"Gene987",9,204,232,83,13,31
"Gene988",313,6,2,80,0,0
"Gene989",124,32,2,4,0,40
"Gene990",269,18,67,171,30,102
"Gene991",29,5,40,736,16,7
"Gene992",80,4,58,236,104,38
"Gene993",172,162,56,23,376,164
"Gene994",13,187,20,68,83,0
"Gene995",7,230,0,51,70,0
"Gene996",5,11,289,712,75,177
"Gene997",46,0,0,287,7,8
"Gene998",725,97,0,7,0,21
"Gene999",154,269,260,24,3,14
"Gene1000",21,7,15,193,5,0
